0.png;3
1.png;3
2.png;3
3.png;3
4.png;3
5.png;3
6.png;3
7.png;3
8.png;3
9.png;3
10.png;3
11.png;3
12.png;3
13.png;3
14.png;3
15.png;3
16.png;3
17.png;3
18.png;3
19.png;3
20.png;3
21.png;3
22.png;3
23.png;3
24.png;3
25.png;3
26.png;3
27.png;3
28.png;3
29.png;3
30.png;3
31.png;3
32.png;3
33.png;3
34.png;3
35.png;3
36.png;3
37.png;3
38.png;3
39.png;3
40.png;3
41.png;3
42.png;3
43.png;3
44.png;3
45.png;3
46.png;3
47.png;3
48.png;3
49.png;3
50.png;3
51.png;3
52.png;3
53.png;3
54.png;3
55.png;3
56.png;3
57.png;3
58.png;3
59.png;3
60.png;3
61.png;4
62.png;4
63.png;4
64.png;4
65.png;4
66.png;4
67.png;4
68.png;4
69.png;4
70.png;4
71.png;0
72.png;0
73.png;0
74.png;0
75.png;0
76.png;0
77.png;0
78.png;0
79.png;0
80.png;0
81.png;4
82.png;4
83.png;4
84.png;4
85.png;4
86.png;4
87.png;4
88.png;4
89.png;4
90.png;4
91.png;4
92.png;4
93.png;4
94.png;4
95.png;4
96.png;4
97.png;4
98.png;4
99.png;4
100.png;4
101.png;2
102.png;2
103.png;2
104.png;2
105.png;2
106.png;2
107.png;2
108.png;2
109.png;2
110.png;2
111.png;2
112.png;2
113.png;2
114.png;2
115.png;2
116.png;2
117.png;2
118.png;2
119.png;2
120.png;2
121.png;2
122.png;2
123.png;2
124.png;2
125.png;2
126.png;2
127.png;2
128.png;2
129.png;2
130.png;2
131.png;2
132.png;2
133.png;2
134.png;2
135.png;2
136.png;2
137.png;2
138.png;2
139.png;2
140.png;2
141.png;2
142.png;2
143.png;2
144.png;2
145.png;2
146.png;2
147.png;2
148.png;2
149.png;2
150.png;2
151.png;1
152.png;1
153.png;1
154.png;1
155.png;1
156.png;1
157.png;1
158.png;1
159.png;1
160.png;1
161.png;1
162.png;1
163.png;1
164.png;1
165.png;1
166.png;1
167.png;1
168.png;1
169.png;1
170.png;1
171.png;4
172.png;4
173.png;1
174.png;1
175.png;1
176.png;1
177.png;1
178.png;0
179.png;0
180.png;4
181.png;4
182.png;4
183.png;4
184.png;4
185.png;4
186.png;4
187.png;4
188.png;4
189.png;4
190.png;4
191.png;4
192.png;4
193.png;4
194.png;4
195.png;0
196.png;0
197.png;0
198.png;0
199.png;0
200.png;0
